-- Database Export for InternFlow
-- Date: 2025-12-25T14:15:25.749Z


-- Table: USERS
BEGIN EXECUTE IMMEDIATE 'DROP TABLE USERS CASCADE CONSTRAINTS'; EXCEPTION WHEN OTHERS THEN NULL; END;
/

  CREATE TABLE "USERS" 
   (	"ID" VARCHAR2(255), 
	"USER_TYPE" VARCHAR2(20) NOT NULL ENABLE, 
	"EMAIL" VARCHAR2(255) NOT NULL ENABLE, 
	"DISPLAY_NAME" VARCHAR2(255), 
	"PHOTO_URL" VARCHAR2(1000), 
	"CREATED_AT" TIMESTAMP (6) DEFAULT CURRENT_TIMESTAMP, 
	"UPDATED_AT" TIMESTAMP (6), 
	"STATUS" VARCHAR2(20), 
	 PRIMARY KEY ("ID")
  USING INDEX PCTFREE 10 INITRANS 2 MAXTRANS 255 COMPUTE STATISTICS 
  STORAGE(INITIAL 65536 NEXT 1048576 MINEXTENTS 1 MAXEXTENTS 2147483645
  PCTINCREASE 0 FREELISTS 1 FREELIST GROUPS 1
  BUFFER_POOL DEFAULT FLASH_CACHE DEFAULT CELL_FLASH_CACHE DEFAULT)
  TABLESPACE "USERS"  ENABLE
   ) SEGMENT CREATION IMMEDIATE 
  PCTFREE 10 PCTUSED 40 INITRANS 1 MAXTRANS 255 
 NOCOMPRESS LOGGING
  STORAGE(INITIAL 65536 NEXT 1048576 MINEXTENTS 1 MAXEXTENTS 2147483645
  PCTINCREASE 0 FREELISTS 1 FREELIST GROUPS 1
  BUFFER_POOL DEFAULT FLASH_CACHE DEFAULT CELL_FLASH_CACHE DEFAULT)
  TABLESPACE "USERS" ;

-- Table: SYSTEM_SETTINGS
BEGIN EXECUTE IMMEDIATE 'DROP TABLE SYSTEM_SETTINGS CASCADE CONSTRAINTS'; EXCEPTION WHEN OTHERS THEN NULL; END;
/

  CREATE TABLE "SYSTEM_SETTINGS" 
   (	"SETTING_KEY" VARCHAR2(100), 
	"SETTING_VALUE" VARCHAR2(255), 
	"UPDATED_AT" TIMESTAMP (6) DEFAULT CURRENT_TIMESTAMP, 
	 PRIMARY KEY ("SETTING_KEY")
  USING INDEX PCTFREE 10 INITRANS 2 MAXTRANS 255 COMPUTE STATISTICS 
  STORAGE(INITIAL 65536 NEXT 1048576 MINEXTENTS 1 MAXEXTENTS 2147483645
  PCTINCREASE 0 FREELISTS 1 FREELIST GROUPS 1
  BUFFER_POOL DEFAULT FLASH_CACHE DEFAULT CELL_FLASH_CACHE DEFAULT)
  TABLESPACE "USERS"  ENABLE
   ) SEGMENT CREATION IMMEDIATE 
  PCTFREE 10 PCTUSED 40 INITRANS 1 MAXTRANS 255 
 NOCOMPRESS LOGGING
  STORAGE(INITIAL 65536 NEXT 1048576 MINEXTENTS 1 MAXEXTENTS 2147483645
  PCTINCREASE 0 FREELISTS 1 FREELIST GROUPS 1
  BUFFER_POOL DEFAULT FLASH_CACHE DEFAULT CELL_FLASH_CACHE DEFAULT)
  TABLESPACE "USERS" ;

-- Table: COMPANIES
BEGIN EXECUTE IMMEDIATE 'DROP TABLE COMPANIES CASCADE CONSTRAINTS'; EXCEPTION WHEN OTHERS THEN NULL; END;
/

  CREATE TABLE "COMPANIES" 
   (	"ID" VARCHAR2(255), 
	"NAME" VARCHAR2(255), 
	"ADDRESS" VARCHAR2(255), 
	"DOMAINE" VARCHAR2(255), 
	"PHOTO_URL" VARCHAR2(500), 
	"INTERVIEW_QUOTA" NUMBER DEFAULT 10, 
	 PRIMARY KEY ("ID")
  USING INDEX PCTFREE 10 INITRANS 2 MAXTRANS 255 COMPUTE STATISTICS 
  STORAGE(INITIAL 65536 NEXT 1048576 MINEXTENTS 1 MAXEXTENTS 2147483645
  PCTINCREASE 0 FREELISTS 1 FREELIST GROUPS 1
  BUFFER_POOL DEFAULT FLASH_CACHE DEFAULT CELL_FLASH_CACHE DEFAULT)
  TABLESPACE "USERS"  ENABLE, 
	 CONSTRAINT "FK_COMPANY_UID" FOREIGN KEY ("ID")
	  REFERENCES "USERS" ("ID") ON DELETE CASCADE ENABLE
   ) SEGMENT CREATION IMMEDIATE 
  PCTFREE 10 PCTUSED 40 INITRANS 1 MAXTRANS 255 
 NOCOMPRESS LOGGING
  STORAGE(INITIAL 65536 NEXT 1048576 MINEXTENTS 1 MAXEXTENTS 2147483645
  PCTINCREASE 0 FREELISTS 1 FREELIST GROUPS 1
  BUFFER_POOL DEFAULT FLASH_CACHE DEFAULT CELL_FLASH_CACHE DEFAULT)
  TABLESPACE "USERS" ;

-- Table: STUDENTS
BEGIN EXECUTE IMMEDIATE 'DROP TABLE STUDENTS CASCADE CONSTRAINTS'; EXCEPTION WHEN OTHERS THEN NULL; END;
/

  CREATE TABLE "STUDENTS" 
   (	"ID" VARCHAR2(255), 
	"FULLNAME" VARCHAR2(255), 
	"PHONE" VARCHAR2(50), 
	"ADDRESS" VARCHAR2(255), 
	"DOMAINE" VARCHAR2(255), 
	"GRADE" VARCHAR2(50), 
	"CV_URL" VARCHAR2(1000), 
	"DIPLOMA_URL" VARCHAR2(1000), 
	"FACULTY" VARCHAR2(255), 
	"TOKENS_REMAINING" NUMBER DEFAULT 5, 
	"MAX_TOKENS" NUMBER DEFAULT 5, 
	"TOKENS_TOTAL" NUMBER DEFAULT 2, 
	"TOKENS_ENGAGED" NUMBER DEFAULT 0, 
	"TOKENS_CONSUMED" NUMBER DEFAULT 0, 
	 PRIMARY KEY ("ID")
  USING INDEX PCTFREE 10 INITRANS 2 MAXTRANS 255 COMPUTE STATISTICS 
  STORAGE(INITIAL 65536 NEXT 1048576 MINEXTENTS 1 MAXEXTENTS 2147483645
  PCTINCREASE 0 FREELISTS 1 FREELIST GROUPS 1
  BUFFER_POOL DEFAULT FLASH_CACHE DEFAULT CELL_FLASH_CACHE DEFAULT)
  TABLESPACE "USERS"  ENABLE, 
	 CONSTRAINT "FK_STUDENT_UID" FOREIGN KEY ("ID")
	  REFERENCES "USERS" ("ID") ON DELETE CASCADE ENABLE
   ) SEGMENT CREATION IMMEDIATE 
  PCTFREE 10 PCTUSED 40 INITRANS 1 MAXTRANS 255 
 NOCOMPRESS LOGGING
  STORAGE(INITIAL 65536 NEXT 1048576 MINEXTENTS 1 MAXEXTENTS 2147483645
  PCTINCREASE 0 FREELISTS 1 FREELIST GROUPS 1
  BUFFER_POOL DEFAULT FLASH_CACHE DEFAULT CELL_FLASH_CACHE DEFAULT)
  TABLESPACE "USERS" ;

-- Table: JOBS
BEGIN EXECUTE IMMEDIATE 'DROP TABLE JOBS CASCADE CONSTRAINTS'; EXCEPTION WHEN OTHERS THEN NULL; END;
/

  CREATE TABLE "JOBS" 
   (	"ID" VARCHAR2(255), 
	"COMPANY_ID" VARCHAR2(255) NOT NULL ENABLE, 
	"TITLE" VARCHAR2(255), 
	"DESCRIPTION" VARCHAR2(2000), 
	"LOCATION" VARCHAR2(255), 
	"TYPE" VARCHAR2(50), 
	"SALARY" VARCHAR2(255), 
	"CREATED_AT" TIMESTAMP (6) DEFAULT CURRENT_TIMESTAMP, 
	"INTERVIEW_QUOTA" NUMBER DEFAULT 10, 
	"ACCEPTED_COUNT" NUMBER DEFAULT 0, 
	"IS_ACTIVE" NUMBER(1,0) DEFAULT 1, 
	 PRIMARY KEY ("ID")
  USING INDEX PCTFREE 10 INITRANS 2 MAXTRANS 255 COMPUTE STATISTICS 
  STORAGE(INITIAL 65536 NEXT 1048576 MINEXTENTS 1 MAXEXTENTS 2147483645
  PCTINCREASE 0 FREELISTS 1 FREELIST GROUPS 1
  BUFFER_POOL DEFAULT FLASH_CACHE DEFAULT CELL_FLASH_CACHE DEFAULT)
  TABLESPACE "USERS"  ENABLE
   ) SEGMENT CREATION IMMEDIATE 
  PCTFREE 10 PCTUSED 40 INITRANS 1 MAXTRANS 255 
 NOCOMPRESS LOGGING
  STORAGE(INITIAL 65536 NEXT 1048576 MINEXTENTS 1 MAXEXTENTS 2147483645
  PCTINCREASE 0 FREELISTS 1 FREELIST GROUPS 1
  BUFFER_POOL DEFAULT FLASH_CACHE DEFAULT CELL_FLASH_CACHE DEFAULT)
  TABLESPACE "USERS" ;

-- Table: APPLICATIONS
BEGIN EXECUTE IMMEDIATE 'DROP TABLE APPLICATIONS CASCADE CONSTRAINTS'; EXCEPTION WHEN OTHERS THEN NULL; END;
/

  CREATE TABLE "APPLICATIONS" 
   (	"ID" VARCHAR2(255), 
	"JOB_ID" VARCHAR2(255) NOT NULL ENABLE, 
	"STUDENT_ID" VARCHAR2(255) NOT NULL ENABLE, 
	"COVER_LETTER" VARCHAR2(2000), 
	"STATUS" VARCHAR2(50) DEFAULT 'pending', 
	"CREATED_AT" TIMESTAMP (6) DEFAULT CURRENT_TIMESTAMP, 
	 PRIMARY KEY ("ID")
  USING INDEX PCTFREE 10 INITRANS 2 MAXTRANS 255 COMPUTE STATISTICS 
  STORAGE(INITIAL 65536 NEXT 1048576 MINEXTENTS 1 MAXEXTENTS 2147483645
  PCTINCREASE 0 FREELISTS 1 FREELIST GROUPS 1
  BUFFER_POOL DEFAULT FLASH_CACHE DEFAULT CELL_FLASH_CACHE DEFAULT)
  TABLESPACE "USERS"  ENABLE
   ) SEGMENT CREATION IMMEDIATE 
  PCTFREE 10 PCTUSED 40 INITRANS 1 MAXTRANS 255 
 NOCOMPRESS LOGGING
  STORAGE(INITIAL 65536 NEXT 1048576 MINEXTENTS 1 MAXEXTENTS 2147483645
  PCTINCREASE 0 FREELISTS 1 FREELIST GROUPS 1
  BUFFER_POOL DEFAULT FLASH_CACHE DEFAULT CELL_FLASH_CACHE DEFAULT)
  TABLESPACE "USERS" ;

-- Table: INTERVIEWS
BEGIN EXECUTE IMMEDIATE 'DROP TABLE INTERVIEWS CASCADE CONSTRAINTS'; EXCEPTION WHEN OTHERS THEN NULL; END;
/

  CREATE TABLE "INTERVIEWS" 
   (	"ID" VARCHAR2(50), 
	"COMPANY_ID" VARCHAR2(50), 
	"STUDENT_ID" VARCHAR2(50), 
	"APPLICATION_ID" VARCHAR2(50), 
	"TITLE" VARCHAR2(255), 
	"DATE_TIME" TIMESTAMP (6), 
	"MEET_LINK" VARCHAR2(255), 
	"ROOM" VARCHAR2(50), 
	"STATUS" VARCHAR2(50), 
	"CREATED_AT" TIMESTAMP (6) DEFAULT SYSTIMESTAMP, 
	 PRIMARY KEY ("ID")
  USING INDEX PCTFREE 10 INITRANS 2 MAXTRANS 255 COMPUTE STATISTICS 
  STORAGE(INITIAL 65536 NEXT 1048576 MINEXTENTS 1 MAXEXTENTS 2147483645
  PCTINCREASE 0 FREELISTS 1 FREELIST GROUPS 1
  BUFFER_POOL DEFAULT FLASH_CACHE DEFAULT CELL_FLASH_CACHE DEFAULT)
  TABLESPACE "USERS"  ENABLE
   ) SEGMENT CREATION IMMEDIATE 
  PCTFREE 10 PCTUSED 40 INITRANS 1 MAXTRANS 255 
 NOCOMPRESS LOGGING
  STORAGE(INITIAL 65536 NEXT 1048576 MINEXTENTS 1 MAXEXTENTS 2147483645
  PCTINCREASE 0 FREELISTS 1 FREELIST GROUPS 1
  BUFFER_POOL DEFAULT FLASH_CACHE DEFAULT CELL_FLASH_CACHE DEFAULT)
  TABLESPACE "USERS" ;

-- Table: EVALUATIONS
BEGIN EXECUTE IMMEDIATE 'DROP TABLE EVALUATIONS CASCADE CONSTRAINTS'; EXCEPTION WHEN OTHERS THEN NULL; END;
/

  CREATE TABLE "EVALUATIONS" 
   (	"ID" VARCHAR2(50), 
	"COMPANY_ID" VARCHAR2(50) NOT NULL ENABLE, 
	"STUDENT_ID" VARCHAR2(50) NOT NULL ENABLE, 
	"RATING" NUMBER(1,0), 
	"COMMENTS" CLOB, 
	"CREATED_AT" TIMESTAMP (6) DEFAULT SYSTIMESTAMP, 
	"UPDATED_AT" TIMESTAMP (6) DEFAULT SYSTIMESTAMP, 
	 CHECK (RATING BETWEEN 1 AND 5) ENABLE, 
	 PRIMARY KEY ("ID")
  USING INDEX PCTFREE 10 INITRANS 2 MAXTRANS 255 COMPUTE STATISTICS 
  STORAGE(INITIAL 65536 NEXT 1048576 MINEXTENTS 1 MAXEXTENTS 2147483645
  PCTINCREASE 0 FREELISTS 1 FREELIST GROUPS 1
  BUFFER_POOL DEFAULT FLASH_CACHE DEFAULT CELL_FLASH_CACHE DEFAULT)
  TABLESPACE "USERS"  ENABLE
   ) SEGMENT CREATION IMMEDIATE 
  PCTFREE 10 PCTUSED 40 INITRANS 1 MAXTRANS 255 
 NOCOMPRESS LOGGING
  STORAGE(INITIAL 65536 NEXT 1048576 MINEXTENTS 1 MAXEXTENTS 2147483645
  PCTINCREASE 0 FREELISTS 1 FREELIST GROUPS 1
  BUFFER_POOL DEFAULT FLASH_CACHE DEFAULT CELL_FLASH_CACHE DEFAULT)
  TABLESPACE "USERS" 
 LOB ("COMMENTS") STORE AS SECUREFILE (
  TABLESPACE "USERS" ENABLE STORAGE IN ROW 4000 CHUNK 8192
  NOCACHE LOGGING  NOCOMPRESS  KEEP_DUPLICATES 
  STORAGE(INITIAL 262144 NEXT 1048576 MINEXTENTS 1 MAXEXTENTS 2147483645
  PCTINCREASE 0
  BUFFER_POOL DEFAULT FLASH_CACHE DEFAULT CELL_FLASH_CACHE DEFAULT)) ;

-- Table: SAVED_JOBS
BEGIN EXECUTE IMMEDIATE 'DROP TABLE SAVED_JOBS CASCADE CONSTRAINTS'; EXCEPTION WHEN OTHERS THEN NULL; END;
/

  CREATE TABLE "SAVED_JOBS" 
   (	"STUDENT_ID" VARCHAR2(50), 
	"JOB_ID" VARCHAR2(50), 
	"CREATED_AT" TIMESTAMP (6) DEFAULT SYSTIMESTAMP, 
	 PRIMARY KEY ("STUDENT_ID", "JOB_ID")
  USING INDEX PCTFREE 10 INITRANS 2 MAXTRANS 255 COMPUTE STATISTICS 
  STORAGE(INITIAL 65536 NEXT 1048576 MINEXTENTS 1 MAXEXTENTS 2147483645
  PCTINCREASE 0 FREELISTS 1 FREELIST GROUPS 1
  BUFFER_POOL DEFAULT FLASH_CACHE DEFAULT CELL_FLASH_CACHE DEFAULT)
  TABLESPACE "USERS"  ENABLE, 
	 CONSTRAINT "FK_SAVED_STUDENT" FOREIGN KEY ("STUDENT_ID")
	  REFERENCES "USERS" ("ID") ON DELETE CASCADE ENABLE
   ) SEGMENT CREATION IMMEDIATE 
  PCTFREE 10 PCTUSED 40 INITRANS 1 MAXTRANS 255 
 NOCOMPRESS LOGGING
  STORAGE(INITIAL 65536 NEXT 1048576 MINEXTENTS 1 MAXEXTENTS 2147483645
  PCTINCREASE 0 FREELISTS 1 FREELIST GROUPS 1
  BUFFER_POOL DEFAULT FLASH_CACHE DEFAULT CELL_FLASH_CACHE DEFAULT)
  TABLESPACE "USERS" ;

-- Table: NOTIFICATIONS
BEGIN EXECUTE IMMEDIATE 'DROP TABLE NOTIFICATIONS CASCADE CONSTRAINTS'; EXCEPTION WHEN OTHERS THEN NULL; END;
/

  CREATE TABLE "NOTIFICATIONS" 
   (	"ID" NUMBER GENERATED BY DEFAULT AS IDENTITY MINVALUE 1 MAXVALUE 9999999999999999999999999999 INCREMENT BY 1 START WITH 1 CACHE 20 NOORDER  NOCYCLE  NOKEEP  NOSCALE  NOT NULL ENABLE, 
	"USER_ID" VARCHAR2(255) NOT NULL ENABLE, 
	"TYPE" VARCHAR2(50), 
	"TITLE" VARCHAR2(255), 
	"MESSAGE" VARCHAR2(1000), 
	"IS_READ" NUMBER(1,0) DEFAULT 0, 
	"CREATED_AT" TIMESTAMP (6) DEFAULT CURRENT_TIMESTAMP, 
	 PRIMARY KEY ("ID")
  USING INDEX PCTFREE 10 INITRANS 2 MAXTRANS 255 COMPUTE STATISTICS 
  STORAGE(INITIAL 65536 NEXT 1048576 MINEXTENTS 1 MAXEXTENTS 2147483645
  PCTINCREASE 0 FREELISTS 1 FREELIST GROUPS 1
  BUFFER_POOL DEFAULT FLASH_CACHE DEFAULT CELL_FLASH_CACHE DEFAULT)
  TABLESPACE "USERS"  ENABLE
   ) SEGMENT CREATION IMMEDIATE 
  PCTFREE 10 PCTUSED 40 INITRANS 1 MAXTRANS 255 
 NOCOMPRESS LOGGING
  STORAGE(INITIAL 65536 NEXT 1048576 MINEXTENTS 1 MAXEXTENTS 2147483645
  PCTINCREASE 0 FREELISTS 1 FREELIST GROUPS 1
  BUFFER_POOL DEFAULT FLASH_CACHE DEFAULT CELL_FLASH_CACHE DEFAULT)
  TABLESPACE "USERS" ;

-- Table: SYSTEM_LOGS
BEGIN EXECUTE IMMEDIATE 'DROP TABLE SYSTEM_LOGS CASCADE CONSTRAINTS'; EXCEPTION WHEN OTHERS THEN NULL; END;
/

  CREATE TABLE "SYSTEM_LOGS" 
   (	"ID" NUMBER GENERATED ALWAYS AS IDENTITY MINVALUE 1 MAXVALUE 9999999999999999999999999999 INCREMENT BY 1 START WITH 1 CACHE 20 NOORDER  NOCYCLE  NOKEEP  NOSCALE  NOT NULL ENABLE, 
	"ADMIN_ID" VARCHAR2(255), 
	"ACTION" VARCHAR2(255), 
	"DETAILS" CLOB, 
	"CREATED_AT" TIMESTAMP (6) DEFAULT CURRENT_TIMESTAMP, 
	 PRIMARY KEY ("ID")
  USING INDEX PCTFREE 10 INITRANS 2 MAXTRANS 255 COMPUTE STATISTICS 
  STORAGE(INITIAL 65536 NEXT 1048576 MINEXTENTS 1 MAXEXTENTS 2147483645
  PCTINCREASE 0 FREELISTS 1 FREELIST GROUPS 1
  BUFFER_POOL DEFAULT FLASH_CACHE DEFAULT CELL_FLASH_CACHE DEFAULT)
  TABLESPACE "USERS"  ENABLE
   ) SEGMENT CREATION IMMEDIATE 
  PCTFREE 10 PCTUSED 40 INITRANS 1 MAXTRANS 255 
 NOCOMPRESS LOGGING
  STORAGE(INITIAL 65536 NEXT 1048576 MINEXTENTS 1 MAXEXTENTS 2147483645
  PCTINCREASE 0 FREELISTS 1 FREELIST GROUPS 1
  BUFFER_POOL DEFAULT FLASH_CACHE DEFAULT CELL_FLASH_CACHE DEFAULT)
  TABLESPACE "USERS" 
 LOB ("DETAILS") STORE AS SECUREFILE (
  TABLESPACE "USERS" ENABLE STORAGE IN ROW 4000 CHUNK 8192
  NOCACHE LOGGING  NOCOMPRESS  KEEP_DUPLICATES 
  STORAGE(INITIAL 262144 NEXT 1048576 MINEXTENTS 1 MAXEXTENTS 2147483645
  PCTINCREASE 0
  BUFFER_POOL DEFAULT FLASH_CACHE DEFAULT CELL_FLASH_CACHE DEFAULT)) ;

-- Data for: USERS
INSERT INTO USERS (ID, USER_TYPE, EMAIL, DISPLAY_NAME, PHOTO_URL, CREATED_AT, UPDATED_AT, STATUS) VALUES ('NSnDV6TuvOYD44REYaaMT0bivL03', 'student', 'leroy.sane@gmail.com', 'Leroy Sane', 'http://192.168.1.11:5000/uploads/avatars/anonymous-1766595627208.webp', TO_TIMESTAMP('2025-12-24T16:28:40.592Z', 'YYYY-MM-DD"T"HH24:MI:SS.FF3"Z"'), TO_TIMESTAMP('2025-12-24T17:00:27.539Z', 'YYYY-MM-DD"T"HH24:MI:SS.FF3"Z"'), 'approved');
INSERT INTO USERS (ID, USER_TYPE, EMAIL, DISPLAY_NAME, PHOTO_URL, CREATED_AT, UPDATED_AT, STATUS) VALUES ('QjOTTtCpUlhRYAY0mDKIA9IZep03', 'admin', 'mouadleroy@gmail.com', 'Admin', NULL, TO_TIMESTAMP('2025-12-10T08:21:35.950Z', 'YYYY-MM-DD"T"HH24:MI:SS.FF3"Z"'), TO_TIMESTAMP('2025-12-10T08:21:35.950Z', 'YYYY-MM-DD"T"HH24:MI:SS.FF3"Z"'), 'admin');
INSERT INTO USERS (ID, USER_TYPE, EMAIL, DISPLAY_NAME, PHOTO_URL, CREATED_AT, UPDATED_AT, STATUS) VALUES ('esf0jXnVBjNOUzXM2Z77b6EyN6v1', 'company', 'djibouti.telecom@gmail.com', 'Djibouti Telecom', 'http://192.168.1.11:5000/uploads/logo/anonymous-1766522219905.png', TO_TIMESTAMP('2025-12-23T20:37:00.141Z', 'YYYY-MM-DD"T"HH24:MI:SS.FF3"Z"'), NULL, 'approved');
INSERT INTO USERS (ID, USER_TYPE, EMAIL, DISPLAY_NAME, PHOTO_URL, CREATED_AT, UPDATED_AT, STATUS) VALUES ('MvFCCxuiEZV5a0tj8wKdx1qtWBB2', 'student', 'mouadleroy10@icloud.com', 'Mouad Abdillahi', 'http://192.168.1.11:5000/uploads/avatars/anonymous-1766522144519.jpg', TO_TIMESTAMP('2025-12-23T20:35:00.945Z', 'YYYY-MM-DD"T"HH24:MI:SS.FF3"Z"'), TO_TIMESTAMP('2025-12-23T20:35:45.034Z', 'YYYY-MM-DD"T"HH24:MI:SS.FF3"Z"'), 'approved');
COMMIT;

-- Data for: SYSTEM_SETTINGS
INSERT INTO SYSTEM_SETTINGS (SETTING_KEY, SETTING_VALUE, UPDATED_AT) VALUES ('MAINTENANCE_MODE', 'false', TO_TIMESTAMP('2025-12-19T12:40:18.561Z', 'YYYY-MM-DD"T"HH24:MI:SS.FF3"Z"'));
INSERT INTO SYSTEM_SETTINGS (SETTING_KEY, SETTING_VALUE, UPDATED_AT) VALUES ('MFA_FORCED', 'false', TO_TIMESTAMP('2025-12-19T12:40:18.565Z', 'YYYY-MM-DD"T"HH24:MI:SS.FF3"Z"'));
INSERT INTO SYSTEM_SETTINGS (SETTING_KEY, SETTING_VALUE, UPDATED_AT) VALUES ('AI_MODEL_ACTIVE', 'gemini-1.5-flash', TO_TIMESTAMP('2025-12-19T12:40:18.569Z', 'YYYY-MM-DD"T"HH24:MI:SS.FF3"Z"'));
COMMIT;

-- Data for: COMPANIES
INSERT INTO COMPANIES (ID, NAME, ADDRESS, DOMAINE, PHOTO_URL, INTERVIEW_QUOTA) VALUES ('esf0jXnVBjNOUzXM2Z77b6EyN6v1', 'Djibouti Telecom', 'Djibouti', 'Télécoms', NULL, 10);
COMMIT;

-- Data for: STUDENTS
INSERT INTO STUDENTS (ID, FULLNAME, PHONE, ADDRESS, DOMAINE, GRADE, CV_URL, DIPLOMA_URL, FACULTY, TOKENS_REMAINING, MAX_TOKENS, TOKENS_TOTAL, TOKENS_ENGAGED, TOKENS_CONSUMED) VALUES ('NSnDV6TuvOYD44REYaaMT0bivL03', 'Leroy Sane', '77777777', 'Ali sabieh', 'Droit et Gestion des Entreprises (DGE)', 'Licence', 'http://192.168.1.11:5000/uploads/cv/anonymous-1766593719920.pdf', 'http://192.168.1.11:5000/uploads/diploma/anonymous-1766593719967.pdf', 'Faculté de Droit, d''Économie et de Gestion (FDEG)', 5, 5, 2, 0, 0);
INSERT INTO STUDENTS (ID, FULLNAME, PHONE, ADDRESS, DOMAINE, GRADE, CV_URL, DIPLOMA_URL, FACULTY, TOKENS_REMAINING, MAX_TOKENS, TOKENS_TOTAL, TOKENS_ENGAGED, TOKENS_CONSUMED) VALUES ('MvFCCxuiEZV5a0tj8wKdx1qtWBB2', 'Mouad Abdillahi', '77780317', 'Djibouti', 'Informatique (Info)', 'Master', 'http://192.168.1.11:5000/uploads/cv/anonymous-1766522100146.pdf', 'http://192.168.1.11:5000/uploads/diploma/anonymous-1766522100192.pdf', 'Faculté des Sciences (FS)', 3, 5, 5, -1, 1);
COMMIT;

-- Data for: JOBS
INSERT INTO JOBS (ID, COMPANY_ID, TITLE, DESCRIPTION, LOCATION, TYPE, SALARY, CREATED_AT, INTERVIEW_QUOTA, ACCEPTED_COUNT, IS_ACTIVE) VALUES ('ae0af69d-940c-45be-9510-53737bd865ee', 'esf0jXnVBjNOUzXM2Z77b6EyN6v1', 'Développeur Full Stack', 'A la recherche de profil.', 'Djibouti', 'CDI', '$8000', TO_TIMESTAMP('2025-12-23T20:49:10.862Z', 'YYYY-MM-DD"T"HH24:MI:SS.FF3"Z"'), 10, 0, 1);
COMMIT;

-- Data for: APPLICATIONS
INSERT INTO APPLICATIONS (ID, JOB_ID, STUDENT_ID, COVER_LETTER, STATUS, CREATED_AT) VALUES ('d7562c22-9c81-4b0e-8797-e6b88a0a5a2b', 'ae0af69d-940c-45be-9510-53737bd865ee', 'MvFCCxuiEZV5a0tj8wKdx1qtWBB2', NULL, 'ACCEPTED', TO_TIMESTAMP('2025-12-24T09:23:33.028Z', 'YYYY-MM-DD"T"HH24:MI:SS.FF3"Z"'));
INSERT INTO APPLICATIONS (ID, JOB_ID, STUDENT_ID, COVER_LETTER, STATUS, CREATED_AT) VALUES ('b2f7c5ef-8383-4040-a771-e1682c752f01', 'ae0af69d-940c-45be-9510-53737bd865ee', 'NSnDV6TuvOYD44REYaaMT0bivL03', NULL, 'ACCEPTED', TO_TIMESTAMP('2025-12-24T16:33:10.625Z', 'YYYY-MM-DD"T"HH24:MI:SS.FF3"Z"'));
COMMIT;

-- Data for: INTERVIEWS
INSERT INTO INTERVIEWS (ID, COMPANY_ID, STUDENT_ID, APPLICATION_ID, TITLE, DATE_TIME, MEET_LINK, ROOM, STATUS, CREATED_AT) VALUES ('0d7e5f9f-289c-4fce-b0e0-78bd370df8fe', 'esf0jXnVBjNOUzXM2Z77b6EyN6v1', 'MvFCCxuiEZV5a0tj8wKdx1qtWBB2', 'd7562c22-9c81-4b0e-8797-e6b88a0a5a2b', 'Entretien: Développeur Full Stack', TO_TIMESTAMP('2026-01-11T05:30:00.000Z', 'YYYY-MM-DD"T"HH24:MI:SS.FF3"Z"'), NULL, 'A1', 'ACCEPTED', TO_TIMESTAMP('2025-12-24T09:57:46.568Z', 'YYYY-MM-DD"T"HH24:MI:SS.FF3"Z"'));
INSERT INTO INTERVIEWS (ID, COMPANY_ID, STUDENT_ID, APPLICATION_ID, TITLE, DATE_TIME, MEET_LINK, ROOM, STATUS, CREATED_AT) VALUES ('bc6f4d15-32ae-414e-b214-6657558210af', 'esf0jXnVBjNOUzXM2Z77b6EyN6v1', 'NSnDV6TuvOYD44REYaaMT0bivL03', 'b2f7c5ef-8383-4040-a771-e1682c752f01', 'Entretien (Invitation): Développeur Full Stack', TO_TIMESTAMP('2026-01-11T06:00:00.000Z', 'YYYY-MM-DD"T"HH24:MI:SS.FF3"Z"'), NULL, 'A1', 'ACCEPTED', TO_TIMESTAMP('2025-12-24T16:33:10.653Z', 'YYYY-MM-DD"T"HH24:MI:SS.FF3"Z"'));
COMMIT;

-- Data for: SAVED_JOBS
INSERT INTO SAVED_JOBS (STUDENT_ID, JOB_ID, CREATED_AT) VALUES ('MvFCCxuiEZV5a0tj8wKdx1qtWBB2', 'ae0af69d-940c-45be-9510-53737bd865ee', TO_TIMESTAMP('2025-12-24T09:20:18.414Z', 'YYYY-MM-DD"T"HH24:MI:SS.FF3"Z"'));
COMMIT;

-- Data for: NOTIFICATIONS
INSERT INTO NOTIFICATIONS (ID, USER_ID, TYPE, TITLE, MESSAGE, IS_READ, CREATED_AT) VALUES (542, 'esf0jXnVBjNOUzXM2Z77b6EyN6v1', 'info', 'Nouvelle Candidature', 'Nouveau profil disponible pour consultation.', 1, TO_TIMESTAMP('2025-12-24T09:22:57.777Z', 'YYYY-MM-DD"T"HH24:MI:SS.FF3"Z"'));
INSERT INTO NOTIFICATIONS (ID, USER_ID, TYPE, TITLE, MESSAGE, IS_READ, CREATED_AT) VALUES (544, 'MvFCCxuiEZV5a0tj8wKdx1qtWBB2', 'info', 'Entretien Validé !', 'Entretien validé ! RDV au Campus de Balbala, Salle A1, le 11/01/2026 08:30:00.', 1, TO_TIMESTAMP('2025-12-24T09:57:47.083Z', 'YYYY-MM-DD"T"HH24:MI:SS.FF3"Z"'));
INSERT INTO NOTIFICATIONS (ID, USER_ID, TYPE, TITLE, MESSAGE, IS_READ, CREATED_AT) VALUES (545, 'QjOTTtCpUlhRYAY0mDKIA9IZep03', 'info', 'Nouvelle Inscription', 'Leroy Sane s''est inscrit en tant qu''étudiant.', 0, TO_TIMESTAMP('2025-12-24T16:28:40.834Z', 'YYYY-MM-DD"T"HH24:MI:SS.FF3"Z"'));
INSERT INTO NOTIFICATIONS (ID, USER_ID, TYPE, TITLE, MESSAGE, IS_READ, CREATED_AT) VALUES (541, 'esf0jXnVBjNOUzXM2Z77b6EyN6v1', 'info', 'Nouvelle Candidature', 'Nouveau profil disponible pour consultation.', 1, TO_TIMESTAMP('2025-12-24T09:11:26.875Z', 'YYYY-MM-DD"T"HH24:MI:SS.FF3"Z"'));
INSERT INTO NOTIFICATIONS (ID, USER_ID, TYPE, TITLE, MESSAGE, IS_READ, CREATED_AT) VALUES (543, 'esf0jXnVBjNOUzXM2Z77b6EyN6v1', 'info', 'Nouvelle Candidature', 'Nouveau profil disponible pour consultation.', 1, TO_TIMESTAMP('2025-12-24T09:23:33.175Z', 'YYYY-MM-DD"T"HH24:MI:SS.FF3"Z"'));
INSERT INTO NOTIFICATIONS (ID, USER_ID, TYPE, TITLE, MESSAGE, IS_READ, CREATED_AT) VALUES (546, 'NSnDV6TuvOYD44REYaaMT0bivL03', 'info', 'Invitation à un Entretien', 'L''entreprise vous a invité pour le poste "Développeur Full Stack". Un créneau a été réservé.', 1, TO_TIMESTAMP('2025-12-24T16:33:10.733Z', 'YYYY-MM-DD"T"HH24:MI:SS.FF3"Z"'));
COMMIT;

-- Data for: SYSTEM_LOGS
INSERT INTO SYSTEM_LOGS (ID, ADMIN_ID, ACTION, DETAILS, CREATED_AT) VALUES (241, 'MvFCCxuiEZV5a0tj8wKdx1qtWBB2', 'JOB_APPLICATION', '{"jobId":"ae0af69d-940c-45be-9510-53737bd865ee"}', TO_TIMESTAMP('2025-12-24T09:11:26.756Z', 'YYYY-MM-DD"T"HH24:MI:SS.FF3"Z"'));
INSERT INTO SYSTEM_LOGS (ID, ADMIN_ID, ACTION, DETAILS, CREATED_AT) VALUES (242, 'MvFCCxuiEZV5a0tj8wKdx1qtWBB2', 'JOB_APPLICATION', '{"jobId":"ae0af69d-940c-45be-9510-53737bd865ee"}', TO_TIMESTAMP('2025-12-24T09:22:57.493Z', 'YYYY-MM-DD"T"HH24:MI:SS.FF3"Z"'));
INSERT INTO SYSTEM_LOGS (ID, ADMIN_ID, ACTION, DETAILS, CREATED_AT) VALUES (243, 'MvFCCxuiEZV5a0tj8wKdx1qtWBB2', 'JOB_APPLICATION', '{"jobId":"ae0af69d-940c-45be-9510-53737bd865ee"}', TO_TIMESTAMP('2025-12-24T09:23:33.097Z', 'YYYY-MM-DD"T"HH24:MI:SS.FF3"Z"'));
INSERT INTO SYSTEM_LOGS (ID, ADMIN_ID, ACTION, DETAILS, CREATED_AT) VALUES (244, 'SYSTEM', 'NEW_STUDENT', '{"id":"NSnDV6TuvOYD44REYaaMT0bivL03","email":"leroy.sane@gmail.com","fullname":"Leroy Sane"}', TO_TIMESTAMP('2025-12-24T16:28:40.737Z', 'YYYY-MM-DD"T"HH24:MI:SS.FF3"Z"'));
COMMIT;
